sample,found,gene_id,tpm_unstranded,fpkm_unstranded,fpkm_uq_unstranded,unstranded_count,stranded_first,stranded_second
3c00f619-f9c3-4747-88bc-359e9ddec812,True,ENSG00000133019.12,1.8143,0.5511,0.5591,464,230,234
2660e6c6-b4c6-4d29-b048-4ce588b9e1e2,True,ENSG00000133019.12,5.2145,1.4817,1.6014,1265,657,609
afc66963-6f8d-4d99-a008-d44065e1cacf,True,ENSG00000133019.12,0.6514,0.1788,0.1697,140,71,70
51c0568a-3e54-42a0-b805-0a90905cc865,True,ENSG00000133019.12,5.1547,1.3495,1.2974,1229,584,648
51054c11-8e2f-4f52-bdaf-ebb515508a28,True,ENSG00000133019.12,0.189,0.0534,0.0518,56,28,29
24678a85-dba7-4e0f-8ba8-feeb0652681c,True,ENSG00000133019.12,1.718,0.8797,0.9879,87,51,36
bf98764d-1604-4a14-8e06-1c785a085db9,True,ENSG00000133019.12,0.1057,0.0384,0.0401,35,21,14
e9e8d1d1-1c59-4cd5-9059-740733d094e1,True,ENSG00000133019.12,0.7016,0.9435,0.9686,386,0,387
d4852a8f-4e8a-4751-adb1-6073241faff6,True,ENSG00000133019.12,1.6528,1.6466,1.5882,808,0,811
69531d59-6508-4074-a63a-27b047121681,True,ENSG00000133019.12,0.1657,0.0475,0.047,34,14,20
858726eb-4770-4a63-ab51-39aa93b449f6,True,ENSG00000133019.12,0.6804,0.2019,0.1879,65,28,37
9ce2bb36-5b1e-4a58-bc5e-dc072b217ba4,True,ENSG00000133019.12,3.7033,1.1706,1.141,309,136,173
4a5c811e-d5d9-48d7-9bcc-4c9dc72df8f4,True,ENSG00000133019.12,2.4426,0.785,0.7577,443,233,214
5daf6c21-bca3-4440-95d1-b4dc239f7911,True,ENSG00000133019.12,2.0694,0.7417,0.7573,537,261,279
269a7c8d-f4d6-4f1a-a85b-874934f214b9,True,ENSG00000133019.12,0.0508,0.0167,0.0208,7,1,6
5d90192a-0271-4169-ba9d-e52cf081a5c3,True,ENSG00000133019.12,1.5632,0.4059,0.382,311,148,163
bbbd3cd5-cfd3-418b-ab3a-243de430a5e1,True,ENSG00000133019.12,0.3345,0.099,0.0993,88,43,47
3ba4be06-32ea-47aa-9f6f-2f4befd1bd6b,True,ENSG00000133019.12,2.5538,0.7418,0.7171,546,272,274
f8670621-43a9-491c-81b7-8999ca9975a7,True,ENSG00000133019.12,0.2895,0.0915,0.0899,96,46,51
fe20855f-d3ce-4e02-b2dd-3df15eab44bf,True,ENSG00000133019.12,0.3318,0.1051,0.117,73,33,40
efb97bb0-e227-4826-aaa7-ef0503f2cf5f,True,ENSG00000133019.12,1.113,0.3663,0.4016,434,224,210
2f3ed4ce-16b8-447d-9b18-d1e95d21de76,True,ENSG00000133019.12,4.9214,1.4126,1.4218,773,369,405
74f3f3cb-d6f1-4e4f-8c76-7ebeefa0dbcf,True,ENSG00000133019.12,7.2171,2.2197,2.3749,1669,845,827
9d85ecd9-deef-474f-8dca-7fbbee531e7f,True,ENSG00000133019.12,0.1633,0.0528,0.0601,47,23,24
334cc9fa-3e9b-4462-b84d-dc595e89d537,True,ENSG00000133019.12,2.6413,0.8668,0.807,586,286,301
22cae278-eb88-4685-9ff7-667e53b50a34,True,ENSG00000133019.12,0.2863,0.0891,0.0927,95,58,51
c0694ad0-b4f2-43c4-aef4-aa60c2f5baea,True,ENSG00000133019.12,1.2164,0.3985,0.4031,362,185,179
7c651197-9519-4ef2-85c9-16f05edb6a86,True,ENSG00000133019.12,1.1681,0.5586,0.4876,336,1,342
1098101e-1770-4055-ae41-d6c15e1c7b90,True,ENSG00000133019.12,2.2757,0.6091,0.5811,391,199,192
6c3a9d0b-5d61-41d0-b54c-432f33122a25,True,ENSG00000133019.12,1.2057,0.3662,0.3442,287,5,286
2dea7278-7221-43e6-bf22-713777beb618,True,ENSG00000133019.12,4.2355,1.558,1.8145,1230,591,639
475fdbbb-3d3a-4d56-8d0e-34dfb8cb6346,True,ENSG00000133019.12,0.0426,0.0208,0.022,17,13,4
a14f02d4-6d07-409d-af7a-5d5f23640ad6,True,ENSG00000133019.12,0.0978,0.0354,0.0398,33,29,11
6f920efc-b660-43cc-b969-8d445c252004,True,ENSG00000133019.12,2.1199,0.6917,0.7482,453,270,229
bac4b715-8e3a-4a2b-888e-7eb382f47a5c,True,ENSG00000133019.12,1.4335,0.3807,0.3773,275,3,274
cf56d43d-5384-4eb9-b4e0-d6c4bef5eb0a,True,ENSG00000133019.12,0.184,0.0513,0.0493,49,26,25
f4633f46-6081-4ab3-a53c-9497df3c4616,True,ENSG00000133019.12,0.2174,0.0882,0.1311,51,28,26
1f117018-33ca-4b04-89cc-e5594656a4ba,True,ENSG00000133019.12,4.7799,1.6668,1.8184,1690,815,882
1f911a28-0d7a-4f57-b358-cc6277b2008b,True,ENSG00000133019.12,3.3804,1.0798,1.1122,1136,601,541
647ec81e-775b-42ad-bd83-286dfc4f91dd,True,ENSG00000133019.12,1.0482,0.3811,0.3957,195,88,107
4b98f37e-33fc-4bf0-b6cd-4c900bcc9d2a,True,ENSG00000133019.12,0.2781,0.0817,0.0837,100,40,61
38259364-ebcb-4f5f-8471-8ffe7e3267a7,True,ENSG00000133019.12,0.0536,0.021,0.0202,8,4,4
094bd0ca-5f46-4ff7-b674-04c5b9001951,True,ENSG00000133019.12,7.1607,2.0459,1.9803,960,521,441
2877f6c0-649f-44d2-89a1-4a6ef2c8ec19,True,ENSG00000133019.12,0.0932,0.0329,0.035,28,10,18
f881311a-b8fb-4a72-ac39-5fe6becbbf7b,True,ENSG00000133019.12,1.2819,0.3992,0.4141,288,150,138
dd578d7c-9577-4bda-a1b1-1fd063206537,True,ENSG00000133019.12,3.0049,1.0918,1.1697,607,287,322
f88df5aa-1c0c-4318-83a0-4b2230a4814b,True,ENSG00000133019.12,10.9942,4.6452,4.3412,3650,3,3670
bc89c589-8a4f-4df9-963b-9d7a2cdedbdd,True,ENSG00000133019.12,0.1733,0.069,0.0765,63,31,32
dde6631e-ef66-4db4-a7cb-be94f4b9c4fd,True,ENSG00000133019.12,5.0635,1.6993,1.6765,774,391,385
1876b908-e911-464f-be23-2b4eae0a43b6,True,ENSG00000133019.12,0.712,0.2541,0.2555,156,71,86
6bf81928-1d79-4e7f-90e2-2ce92d23a889,True,ENSG00000133019.12,1.7479,0.5416,0.6098,489,247,243
01947597-c83a-4c5d-8a45-f1fe27992ad5,True,ENSG00000133019.12,5.141,1.573,1.4455,894,451,445
36c7d3a4-193f-49fd-b367-e7aacc4eebe2,True,ENSG00000133019.12,0.1116,0.0596,0.0558,32,3,31
d0d8533b-7284-49cb-96ff-f0145017084d,True,ENSG00000133019.12,0.0667,0.0317,0.0382,19,10,9
05e5accb-e761-4534-a81e-bf0354f7810c,True,ENSG00000133019.12,0.4725,0.1396,0.1549,110,68,45
69add746-94ce-4b57-bf7a-f80bf10bdc01,True,ENSG00000133019.12,1.8674,0.6298,0.6059,269,127,142
720ff723-a1db-483d-9b73-01e15068351f,True,ENSG00000133019.12,9.5073,2.9515,2.935,1737,883,856
748f006b-11dc-4a2f-b857-705e19b511a0,True,ENSG00000133019.12,0.182,0.0692,0.0793,48,22,26
c073adc8-e8a4-4c94-9737-4286c37c2e3e,True,ENSG00000133019.12,0.3841,0.1,0.0929,77,33,44
ec8b5d60-3513-4a7b-9f91-440ec0516150,True,ENSG00000133019.12,3.6712,1.3073,1.2029,1243,3,1242
39f91c2c-9527-4185-aa04-eb42e7fab7c1,True,ENSG00000133019.12,0.2656,0.0721,0.0842,46,24,22
30b0aa88-4e4f-4c03-8d48-6346abb93415,True,ENSG00000133019.12,0.891,0.2636,0.2585,200,108,96
80f240dd-0e19-47f3-a454-60bf0f1e0d71,True,ENSG00000133019.12,4.6772,1.5619,1.5483,443,222,221
58b3d72d-6cff-4c5c-9317-13d88cd17b79,True,ENSG00000133019.12,0.2671,0.1018,0.1168,74,50,24
6b7ab5c5-620a-4cc3-a6dc-69e4aa8ac3f0,True,ENSG00000133019.12,0.0974,0.0578,0.0599,40,0,40
e2740bdf-ff53-485c-8c3d-7b0fc34688c2,True,ENSG00000133019.12,0.0484,0.0174,0.0196,10,7,5
18be89fe-3383-45a2-9c0e-b1246e88c82d,True,ENSG00000133019.12,2.9925,1.0826,1.1519,1158,579,583
c5edc8d9-bae8-4841-802c-919dc0d4c055,True,ENSG00000133019.12,7.6145,2.3509,2.3384,1511,748,771
f93cd112-520d-408d-a15d-3451f2bacdfd,True,ENSG00000133019.12,5.0954,1.9774,1.834,314,147,169
08239799-b042-41c2-90cd-6a0dad35e54d,True,ENSG00000133019.12,3.254,0.9923,0.9265,592,291,302
3f4c314a-57a9-483e-826c-e963a466ae57,True,ENSG00000133019.12,2.3235,0.8217,0.7504,80,35,45
6ec0647a-6f73-4c22-bed9-b65c2c4678da,True,ENSG00000133019.12,2.2214,0.9189,0.8828,300,151,150
8b26e78c-f162-48fc-8c1b-9628baa3ca62,True,ENSG00000133019.12,0.8642,0.309,0.3195,187,91,97
ea475654-2b19-4630-96d2-c19dc4b41ff4,True,ENSG00000133019.12,0.0624,0.0233,0.0239,15,6,9
d7340acb-9a98-4153-9766-a6748933441d,True,ENSG00000133019.12,1.4964,0.5625,0.5836,449,227,223
8587b809-2355-461b-9d55-4c7952c128a2,True,ENSG00000133019.12,0.0055,0.0021,0.0029,2,0,2
23d33ac1-a9db-463b-9f86-06603e02f357,True,ENSG00000133019.12,0.0152,0.0059,0.0068,2,1,1
38a55896-f00e-418d-bc18-4ca30da378ef,True,ENSG00000133019.12,1.7756,0.6565,0.6248,574,6,570
4af1f2b3-5b91-4fea-9268-70435ee322f2,True,ENSG00000133019.12,1.7069,0.571,0.6477,374,183,195
9af3d59a-70f4-4bab-b3dc-eb76648272d7,True,ENSG00000133019.12,0.7952,0.2737,0.2837,168,81,90
951959ef-f8c3-4d93-b480-1dfac47aa64c,True,ENSG00000133019.12,0.2934,0.1004,0.1006,69,32,37
e23bcf27-4748-42c9-8088-ddf12055b43a,True,ENSG00000133019.12,7.9332,2.2858,2.2475,2292,1157,1141
cf2e2654-325d-433b-9a56-731a32e16dba,True,ENSG00000133019.12,1.2393,0.5698,0.5812,487,2,489
34111a2c-5b27-427e-890e-349b9974343c,True,ENSG00000133019.12,1.4743,0.4237,0.401,311,166,146
b90c65f0-a8e2-4e44-96a6-fcaa6d71ebed,True,ENSG00000133019.12,0.0792,0.0313,0.0348,26,8,19
54991bf3-8da2-4bbd-a101-b9a7a038a05a,True,ENSG00000133019.12,0.0589,0.0198,0.0211,17,10,10
60913ab3-15e5-4978-8ca8-e1a74f82f9e4,True,ENSG00000133019.12,2.5593,1.2607,1.1798,1117,0,1128
232c3577-fe73-4c74-99c8-51c82a6aca1c,True,ENSG00000133019.12,0.8085,0.2209,0.2058,145,71,75
17c85380-56c8-42d6-8beb-ea4379155172,True,ENSG00000133019.12,0.0192,0.0068,0.0072,5,5,1
48961cf0-8369-4e19-be15-9fabc29008f8,True,ENSG00000133019.12,4.1872,1.4998,1.6412,1323,661,666
249b6388-cdcd-477a-9461-cf0e41146230,True,ENSG00000133019.12,3.2578,0.9774,0.9001,453,218,237
231aa983-3ef3-476b-bdb3-bab9d66f71e6,True,ENSG00000133019.12,1.193,0.3363,0.3076,228,114,115
f2f0faf2-f758-48fc-ab5c-22742780b5ba,True,ENSG00000133019.12,0.0066,0.0021,0.0021,2,1,1
e7eed773-b87c-4138-8d0e-72c85d85509b,True,ENSG00000133019.12,2.0824,0.6547,0.7294,358,176,182
36e8195f-72b1-4d87-9be5-a487689aba5e,True,ENSG00000133019.12,0.7092,0.2074,0.2242,111,52,60
85c794c1-3fd0-4a10-a613-9db7eff3c78f,True,ENSG00000133019.12,0.3695,0.1999,0.2563,97,37,61
77b98b70-9bef-4e81-9eac-91467c322d4b,True,ENSG00000133019.12,0.7954,0.2865,0.3401,54,24,31
25857230-7253-4929-a790-90815194b213,True,ENSG00000133019.12,0.0481,0.017,0.0203,17,6,12
3973bbdc-bc07-4deb-955b-3c40e88a68be,True,ENSG00000133019.12,0.1345,0.044,0.0491,26,17,9
574174d5-f635-414b-ae70-afdd6ec6ddcf,True,ENSG00000133019.12,7.579,1.9785,1.8174,1543,785,760
498e5e18-7443-4799-af81-6d829f819da6,True,ENSG00000133019.12,2.9127,0.8689,0.9121,641,310,332
87d1edd3-df03-4046-a888-86baa85639b6,True,ENSG00000133019.12,0.1992,0.0546,0.0566,58,25,33
c7ee3fa6-4a2f-4824-a098-91ce6c1223c3,True,ENSG00000133019.12,0.4664,0.1483,0.1511,90,40,52
2e4d5e4c-9112-42db-af91-ef424862b568,True,ENSG00000133019.12,0.482,0.217,0.2599,144,85,60
0237d4e6-241d-4fb5-a59b-078bd4bd4b2d,True,ENSG00000133019.12,1.91,1.0736,0.9858,728,0,732
3e6105ba-3a23-4ac6-bf0d-1193fb2e679e,True,ENSG00000133019.12,0.5047,0.1855,0.1675,66,6,65
a7260181-c266-427f-abba-4aa318f1710c,True,ENSG00000133019.12,3.8615,1.0539,1.0563,810,398,413
27ee0eba-2f11-447b-a153-c8dc679d5fc6,True,ENSG00000133019.12,1.5153,0.9786,0.9375,769,0,773
9c1d847d-dab7-4226-b140-95a244a22310,True,ENSG00000133019.12,12.7025,5.8683,5.4114,3392,1,3432
06ea34ab-c935-429d-a2e8-f264a103138c,True,ENSG00000133019.12,0.3435,0.2273,0.4115,204,104,100
db07bd22-cf7a-4504-9491-1bdeb1e14339,True,ENSG00000133019.12,2.1501,0.6036,0.5922,316,149,171
ed428ab3-822a-4dbb-9dae-be7e71949b48,True,ENSG00000133019.12,5.2261,1.747,1.7051,1216,570,649
00ae9ab8-6eaa-4085-af72-26f96df97fa3,True,ENSG00000133019.12,0.2505,0.0741,0.0658,61,0,61
30fd31d5-d8c2-4038-8cbe-e1c986621fd6,True,ENSG00000133019.12,6.537,2.1129,2.2466,960,471,491
f7ee2427-a1bf-4f0f-b4b1-274b693ed41e,True,ENSG00000133019.12,0.6214,0.3758,0.3275,189,3,187
dcff773b-20f4-4c90-9a3f-78ef2e0f484e,True,ENSG00000133019.12,0.1319,0.0611,0.0691,43,19,25
b5b955dc-8bcc-4465-aee2-f302783d9ac8,True,ENSG00000133019.12,0.2219,0.1341,0.1334,85,1,87
3449e073-b0f2-4498-b9db-18e8593ef580,True,ENSG00000133019.12,2.9504,0.8404,0.8637,394,205,190
9ffe0bdc-838e-4715-8fd3-31f032c8f46e,True,ENSG00000133019.12,0.3472,0.1043,0.0994,77,38,39
906a6a3f-91ce-4433-9a0d-e010a61782f0,True,ENSG00000133019.12,1.0958,0.2806,0.2872,281,142,140
61e83633-f517-4616-aae0-71b17b1ea32e,True,ENSG00000133019.12,1.6447,0.5258,0.5465,417,207,212
4297f902-2495-48fb-af36-31e61f727215,True,ENSG00000133019.12,4.5055,1.2142,1.1143,681,357,324
e97eb7bf-fc1e-46d0-a4d8-038a2f726cbd,True,ENSG00000133019.12,7.5692,3.9136,3.5079,2288,1,2321
20a68a0c-d0c3-4bf1-a1e1-0f0f2f1906b7,True,ENSG00000133019.12,0.0293,0.01,0.011,9,3,6
5ddf8f4a-edd8-4b97-8d4d-76655d9018c5,True,ENSG00000133019.12,7.4725,2.0704,2.0507,839,442,398
168d5c05-89b0-4c26-95a1-dd2d34d16882,True,ENSG00000133019.12,4.2139,2.1812,2.0193,1299,0,1306
87a262f1-f67f-4c26-ad37-9f8b7b72fc97,True,ENSG00000133019.12,3.471,1.0721,1.0347,694,344,355
bb24863f-4b09-46ac-aacc-4073cad3a7d8,True,ENSG00000133019.12,0.378,0.1283,0.1517,30,13,17
3aa81439-d4cc-41ef-9568-e6a11c8b1b52,True,ENSG00000133019.12,0.6862,0.1968,0.2025,89,47,42
c352def2-b28b-45f1-be0e-0fab2671fda2,True,ENSG00000133019.12,2.5658,0.8216,0.8338,299,161,139
5f2d965a-25df-4736-a675-efeb59341a04,True,ENSG00000133019.12,0.0488,0.0242,0.0238,10,0,10
bc068ded-2a95-4bd9-a9c9-7016d7e748a8,True,ENSG00000133019.12,3.6097,1.1791,1.0683,777,1,790
b91f5802-022a-4414-8c40-466787b36793,True,ENSG00000133019.12,0.0603,0.0179,0.0174,6,1,6
91c2d903-e9f9-48de-b116-7b98c6940134,True,ENSG00000133019.12,0.0995,0.0341,0.0355,33,15,19
3e599f68-2ba6-4fef-99aa-4b0bdf31e9bb,True,ENSG00000133019.12,0.8506,0.2933,0.3065,152,69,83
aca8bace-37c5-4ec0-958c-13907ae97d1f,True,ENSG00000133019.12,1.2286,0.3471,0.3418,299,153,147
bd52f6c8-6f8b-4056-8a3e-8cdc96644952,True,ENSG00000133019.12,2.1236,0.685,0.8772,386,195,195
eea85d25-8866-479a-9fc5-6d8fd529e847,True,ENSG00000133019.12,0.0308,0.0153,0.015,14,0,14
09f9f414-db5b-4b54-9e8e-234bf9d7c678,True,ENSG00000133019.12,0.2062,0.0691,0.0699,33,17,18
3eb51a70-fec9-4f37-9f16-ac74229f68e9,True,ENSG00000133019.12,2.6632,0.7588,0.7427,494,252,244
cd6e4f25-3b32-4fd3-9454-f06b0cf25d32,True,ENSG00000133019.12,3.2903,1.4457,1.443,1094,1,1098
a99d57f4-b2d3-4373-883f-1b409e73fd46,True,ENSG00000133019.12,1.1307,0.3456,0.3424,237,122,118
22f5836e-3ed4-45e7-94a2-dfafd689ac05,True,ENSG00000133019.12,2.3818,1.6226,1.5922,1195,3,1198
60832867-d7b9-4749-a536-847f46299e07,True,ENSG00000133019.12,1.0685,0.3628,0.4094,217,113,107
fb49f5f7-5576-4670-8918-47d0997a6f30,True,ENSG00000133019.12,0.2815,0.1145,0.1341,89,45,45
9940e2a8-6a68-4482-a1bc-2a6edb7d52cd,True,ENSG00000133019.12,0.2176,0.0648,0.0623,30,15,15
2ada884e-1839-4bb0-ba03-7f04085f0a07,True,ENSG00000133019.12,2.1301,0.5487,0.5188,405,201,206
ba18b2a0-482c-4d51-8c88-3966d1b6b659,True,ENSG00000133019.12,2.0041,0.8301,1.0324,499,248,251
f241eee0-28ea-4700-ba91-d3d50c2f7e48,True,ENSG00000133019.12,0.1691,0.0498,0.0575,30,15,15
72183176-d844-452e-8736-303686bac768,True,ENSG00000133019.12,0.7612,0.2598,0.3243,128,62,66
efc448d3-a3c6-4df9-a626-907ce3d5bcfc,True,ENSG00000133019.12,0.0452,0.0156,0.0162,12,8,5
41e96482-bc24-4a1a-8ef2-8ef4d525ad40,True,ENSG00000133019.12,1.6008,0.4117,0.4071,208,106,102
9835daf0-92cc-4237-838d-b122a15aa1f1,True,ENSG00000133019.12,0.8596,0.423,0.4659,143,84,64
66e79734-9053-4f61-9a32-bee376f5dab0,True,ENSG00000133019.12,0.257,0.1076,0.1019,31,18,14
532690cb-760c-480d-902c-2aaf768d28c5,True,ENSG00000133019.12,1.0884,0.3225,0.3485,178,74,107
e0d8cd2d-967f-4b04-afa9-3aca54bcaf5d,True,ENSG00000133019.12,0.0437,0.0164,0.0165,10,6,4
37657888-bb13-429b-800c-deb8a6bdf27c,True,ENSG00000133019.12,4.7798,2.6783,2.5515,1799,0,1810
ab6d59e0-21c2-4273-b094-3596d1b8b825,True,ENSG00000133019.12,4.8248,1.4711,1.4142,962,494,471
a906629e-77fa-4444-b275-b7ae6074ecec,True,ENSG00000133019.12,5.5637,1.6383,1.6955,872,428,445
8b7acbfc-5614-45dc-99b6-bbcb34dfc32f,True,ENSG00000133019.12,6.0026,1.7069,1.6767,1219,602,619
929473bf-434c-438e-b16c-c34bfb0b98ea,True,ENSG00000133019.12,0.1166,0.0453,0.0516,21,14,7
b7196540-a319-41a0-befd-c363e511ac1d,True,ENSG00000133019.12,0.2643,0.3049,0.2944,154,1,153
2063302d-2b9d-4550-8426-fb64f5ea89d1,True,ENSG00000133019.12,3.4948,1.1949,1.2333,992,528,469
beb3712d-76e3-4c3a-becb-c94048ea8a7f,True,ENSG00000133019.12,0.4594,0.1375,0.1333,81,40,41
b3bec9bc-73c9-41c9-beb2-68a5f06ee2ef,True,ENSG00000133019.12,0.2331,0.071,0.071,19,8,11
00426c02-8fec-4862-92e6-876a81533b9e,True,ENSG00000133019.12,1.1912,0.3201,0.3133,144,66,78
cf92132f-edaf-47dc-9469-69f3cef16737,True,ENSG00000133019.12,2.2387,1.1573,1.0688,794,2,793
b4849657-e1bc-4992-9ace-f69c32b014ee,True,ENSG00000133019.12,0.1517,0.0449,0.0487,46,20,26
d2aee6c3-29d3-44ef-96a5-b0a2d23dcec5,True,ENSG00000133019.12,0.1574,0.0489,0.0475,49,25,24
0d82cb5e-2e4e-4879-9b7e-b929fb590c0a,True,ENSG00000133019.12,1.0281,0.4424,0.3974,306,3,305
69933ac8-e7a7-43b6-8231-2ecb35f88d52,True,ENSG00000133019.12,4.6979,1.2389,1.19,592,328,265
44964e02-9283-4a48-a9e4-006a75d4120e,True,ENSG00000133019.12,0.0686,0.026,0.0271,13,6,7
5c5b5e90-ee6b-42ba-9918-246db0be7756,True,ENSG00000133019.12,0.8341,0.2378,0.2273,163,78,87
7f70c9bb-a18a-45e8-8177-34145a6c0dc9,True,ENSG00000133019.12,3.0253,0.8563,0.9181,699,336,365
5d248c5c-e008-4510-bdef-2417b97c864c,True,ENSG00000133019.12,1.2195,0.5216,0.6964,341,156,187
74c60b29-cbf2-4398-aae0-372561a98682,True,ENSG00000133019.12,0.1567,0.0559,0.0607,37,21,17
e4bb1f41-bf42-43f3-aba5-98f3a02a7e03,True,ENSG00000133019.12,0.3134,0.1277,0.1411,100,58,43
736227d9-3cee-40ed-bdec-0e88968ef179,True,ENSG00000133019.12,0.2044,0.0629,0.0693,29,11,18
6508912f-5f91-43e6-8e63-9233bf3e81eb,True,ENSG00000133019.12,0.019,0.0066,0.0064,5,2,3
7321ea01-8e94-4dfe-b4b6-ab48a3a880f4,True,ENSG00000133019.12,2.6237,1.0326,1.0433,369,181,188
3b8b7b48-4dd6-48c0-b36f-a554b5a2e0a9,True,ENSG00000133019.12,9.7397,2.9006,2.8049,1959,984,982
0dd57486-1eb3-4711-b4ec-8e9de0c4c5a2,True,ENSG00000133019.12,13.6132,4.7291,6.5188,3657,1813,1853
b0595fa6-6c48-4add-b4b7-69c6425bf780,True,ENSG00000133019.12,3.3552,1.0344,0.9372,616,297,320
593e91b8-cbcd-4dbf-95ed-9dce881a430b,True,ENSG00000133019.12,0.8053,0.2585,0.2585,110,61,53
5ad58131-d9d3-4ea3-9d04-18cf480e1480,True,ENSG00000133019.12,8.827,2.7974,2.7163,1694,861,840
aaa72a07-5214-4145-9fb5-99c22b7c248a,True,ENSG00000133019.12,0.1653,0.0473,0.0456,25,13,14
d05a80fc-d08a-47df-b7cd-0172b9977d46,True,ENSG00000133019.12,0.5285,0.196,0.2028,184,94,92
9af0ac1c-2106-413b-bd64-c1d13db34c27,True,ENSG00000133019.12,0.4495,0.1439,0.1268,93,0,93
e065cd2d-aecb-4c38-ae7e-70ec3da7430f,True,ENSG00000133019.12,0.0958,0.032,0.033,20,13,8
90b8a6ce-af5d-48ec-8d64-6642b0882598,True,ENSG00000133019.12,21.227,6.9131,7.5531,1749,66,1766
8936f86b-336c-4f7e-b5f5-7006c4ac19b7,True,ENSG00000133019.12,5.5935,1.4196,1.2705,1023,525,500
b4de06a8-883b-4d02-afc6-d926c588c4ee,True,ENSG00000133019.12,0.3759,0.1065,0.1025,52,26,27
dfc3bc40-b667-4f75-a932-4074c0b0c408,True,ENSG00000133019.12,0.0258,0.0101,0.0109,5,4,1
9c91197a-5784-4e76-a94a-ed53ad3f02fc,True,ENSG00000133019.12,1.188,0.4293,0.5234,287,150,142
90bb68a5-2311-4e19-80d4-35bf447456cd,True,ENSG00000133019.12,3.5255,1.4968,1.3987,1166,8,1174
d396a727-e500-412a-86c7-35a3350b2353,True,ENSG00000133019.12,3.6814,1.8505,1.7578,1448,2,1454
901c6ff1-19bf-48d8-894d-766f1995a916,True,ENSG00000133019.12,0.9498,0.2929,0.2793,298,150,149
0cb4425b-6b54-44ef-8594-f91b3b13d403,True,ENSG00000133019.12,4.56,1.3079,1.2153,1468,786,687
51a41e15-b4aa-414d-97df-5ea3b2311a8f,True,ENSG00000133019.12,0.2129,0.0662,0.0687,65,36,29
b7a15790-9999-4fd2-b327-9584e1445c1f,True,ENSG00000133019.12,4.5966,2.6182,2.4029,2116,1,2130
b41c1914-0771-4d0a-b56e-41f712e65bf9,True,ENSG00000133019.12,13.7284,3.7565,3.7904,2365,1173,1200
68917e07-a850-4ebb-9ae8-9044cccd023c,True,ENSG00000133019.12,4.9187,1.41,1.3669,946,466,480
74b6cce1-6a5b-4f86-8f41-d842106bfe8f,True,ENSG00000133019.12,0.0454,0.0161,0.017,15,10,10
39cc4b89-1b55-4683-b942-f3c11111a052,True,ENSG00000133019.12,5.8056,1.9971,1.9686,1496,752,759
4b4d9eb1-5ceb-49e5-8ff2-d24ab8d60356,True,ENSG00000133019.12,5.8233,4.5405,4.3775,2743,0,2747
09e969eb-37d0-4502-ad3f-5856b6ad8f43,True,ENSG00000133019.12,0.7414,0.2551,0.273,159,95,64
5aa8c49f-b2e7-407a-bfa1-aaff68614f65,True,ENSG00000133019.12,5.5154,1.7177,1.7737,1009,517,495
76cc364e-8214-4a17-8083-9ea80e74c400,True,ENSG00000133019.12,0.0429,0.0121,0.0124,10,4,7
44eeae34-4bf4-47d8-aae4-b8916f80bb42,True,ENSG00000133019.12,5.8011,3.0452,2.8007,2471,1,2503
3d4b05f4-cce7-4dcf-a17e-6172cb81febb,True,ENSG00000133019.12,7.6683,2.6222,2.6626,1300,657,645
aa43daad-64f6-4543-b458-a60d4ba7dcf5,True,ENSG00000133019.12,3.2613,1.1998,1.348,332,186,149
ea47f0f6-aad1-4149-afb6-2026f64935f5,True,ENSG00000133019.12,0.0088,0.0029,0.0029,3,1,2
f36b3cb3-b632-43c6-a6e3-c325c9e7026f,True,ENSG00000133019.12,0.2384,0.0757,0.0618,3,0,3
4b88ba3b-6b4b-42b4-a64d-d45358cef26d,True,ENSG00000133019.12,3.3536,1.1333,1.2725,773,386,390
81ddd54e-ce35-4a15-ba5c-a58b5cac12ff,True,ENSG00000133019.12,4.7531,1.2124,1.1061,861,438,425
1630f3a7-898d-43ee-93ad-b9486024d323,True,ENSG00000133019.12,1.477,0.3984,0.3726,159,84,75
3cd897bd-893e-4497-b9a5-56141816cff4,True,ENSG00000133019.12,0.1208,0.0354,0.0403,13,5,8
58390e08-43b2-4517-b57c-ff899594e55a,True,ENSG00000133019.12,0.4401,0.1493,0.153,85,48,41
3bd5dd10-0de9-495a-a94a-c57ecd63c097,True,ENSG00000133019.12,4.9397,1.4257,1.5185,1231,633,602
aabb1f03-8a4e-4d38-b09e-d9b56b5b921c,True,ENSG00000133019.12,0.1296,0.0417,0.042,43,32,17
4781cfea-da20-42ff-aefe-2eaa168f9e34,True,ENSG00000133019.12,4.7791,1.6879,1.6713,1043,530,515
b3dce386-e928-4c00-9244-152e116a86a5,True,ENSG00000133019.12,3.3933,1.4362,1.3532,942,0,946
5bd14c65-859a-4e3c-ba5b-225ecb2a8f56,True,ENSG00000133019.12,0.0963,0.038,0.0401,20,9,12
07355e77-912a-458c-abb0-01533f5d4a9e,True,ENSG00000133019.12,0.2602,0.1368,0.1777,93,49,45
b4abde15-98d3-4e78-9170-6c372de5c0f3,True,ENSG00000133019.12,2.2344,0.6082,0.6346,492,266,227
b4881576-f6a5-4ed0-a4a4-227f4bb73d7c,True,ENSG00000133019.12,0.1932,0.0531,0.0528,34,17,17
543dd4ba-033b-49ea-bde6-b14dc8fb2913,True,ENSG00000133019.12,2.6703,1.0173,0.9926,280,145,135
1f2028e7-ec61-4fe1-b8bc-26e909957068,True,ENSG00000133019.12,0.0207,0.0069,0.0079,6,2,4
74eabb02-90e8-4fa9-a6c6-ef82e8514e25,True,ENSG00000133019.12,1.5221,0.5861,0.6964,76,39,37
e6629c88-a050-41ed-afe7-e74255f4d3b1,True,ENSG00000133019.12,0.0468,0.0131,0.013,7,4,3
74e5163f-20ef-4858-8cfd-b28a00b933d1,True,ENSG00000133019.12,0.5561,0.1945,0.2016,128,61,68
892294a6-6b94-4284-bae3-9eb0bdc853f6,True,ENSG00000133019.12,0.0267,0.0073,0.0075,5,3,3
9d155818-9683-4142-8808-2512e111f15a,True,ENSG00000133019.12,2.7687,1.6139,1.6122,1369,7,1363
5302caac-c374-4f48-9f94-9613cc7f7a94,True,ENSG00000133019.12,4.5787,1.6473,1.7264,483,230,255
7189b5ed-8bd7-4cb8-97d1-0b66f829f97c,True,ENSG00000133019.12,6.5811,2.7995,2.5841,1977,0,1992
becb812a-90b7-4b6f-ad39-5a0b7179b523,True,ENSG00000133019.12,2.8149,1.01,1.0355,628,311,317
fc09d3be-0201-4838-abec-c08e3a568b9d,True,ENSG00000133019.12,4.4496,1.7156,1.5456,1331,4,1333
07c46064-9fb9-4aad-9289-187d156c9d27,True,ENSG00000133019.12,0.9654,0.4988,0.4819,571,1,583
eeacf4ac-09cf-41a8-8066-c38a173e61b4,True,ENSG00000133019.12,0.1455,0.0442,0.0441,27,18,11
db9bab18-a465-445f-a4fd-dc90faa1da6d,True,ENSG00000133019.12,3.8443,1.3242,1.2725,809,370,440
03277451-4bc3-4c62-947a-0951276ee8e9,True,ENSG00000133019.12,0.2716,0.0914,0.091,56,34,22
9a3e22cb-36b6-43ae-8f5c-b991f32c4732,True,ENSG00000133019.12,0.3697,0.2231,0.2307,139,0,139
c69e8ef1-57a7-439a-9b05-66f14b019322,True,ENSG00000133019.12,3.1731,0.8724,0.8516,834,430,417
0d9f45b0-f107-46cf-8683-8d9cbb93a8bf,True,ENSG00000133019.12,0.1324,0.0639,0.0798,56,35,22
5916b276-8e9d-41e6-8c41-3030c48cbdce,True,ENSG00000133019.12,0.0636,0.0199,0.0187,17,11,6
bab2f26d-e9ef-4faa-b834-b3025764ab2d,True,ENSG00000133019.12,0.6591,0.1905,0.2096,192,98,94
1bd9d725-c5b5-46cf-b3c7-8a36bf0b2bcf,True,ENSG00000133019.12,7.1682,2.5913,2.6647,879,444,435
33506269-8eac-4273-8ea5-0d8a4d82d329,True,ENSG00000133019.12,0.702,0.2192,0.197,81,3,81
1c091fe9-f2ca-478c-95be-b924f30c4c75,True,ENSG00000133019.12,2.2351,0.7385,0.8317,408,212,199
2831af62-6269-4f8c-b142-f8ff2c6f897d,True,ENSG00000133019.12,0.6037,0.2314,0.2678,76,41,35
a4af6581-9fa8-4520-a639-f9340c6a1e36,True,ENSG00000133019.12,0.0193,0.0069,0.0071,5,2,3
54bbc769-1001-4bdc-991a-e1ef0b969aef,True,ENSG00000133019.12,5.7396,1.6249,1.6355,1305,5,1331
39e3635b-9eda-44d0-96d4-164b8df4759e,True,ENSG00000133019.12,6.5461,2.4999,2.6689,1048,528,523
1cb8f903-423c-47ff-ba6c-b3838a75cd22,True,ENSG00000133019.12,2.5455,0.7667,0.8428,283,141,142
22085d53-b816-4c33-b1ef-6f199775f39c,True,ENSG00000133019.12,2.0182,0.5706,0.5571,369,190,180
72d9c332-92e3-4f9c-899d-1de9969b1bd6,True,ENSG00000133019.12,0.0454,0.0126,0.0132,14,4,12
b5df8e57-5822-4192-a4a4-398d11e9d968,True,ENSG00000133019.12,0.0607,0.0194,0.0204,11,7,5
7a3f27a9-476d-43e2-abb8-db402f80dfcf,True,ENSG00000133019.12,1.8179,0.5827,0.5626,294,167,127
245c9ca4-50f5-4855-8a44-5bde3f482b8b,True,ENSG00000133019.12,12.99,3.8294,3.7052,2709,1335,1378
f93cc1fb-b3d9-4b1e-94bf-54e40b505b34,True,ENSG00000133019.12,0.1638,0.0481,0.046,27,9,18
cab65bb2-c00e-49b0-a7da-1096939debef,True,ENSG00000133019.12,0.1342,0.0415,0.0387,36,16,22
2bdfdcec-cb7d-4e83-9257-f2c851a6a469,True,ENSG00000133019.12,1.9655,2.504,2.3272,1171,3,1172
0d880932-47ab-4b88-b00e-6921d2be5936,True,ENSG00000133019.12,2.4638,0.7408,0.8239,412,204,210
169b5555-f64c-4bbd-9c07-af0c42ddb6aa,True,ENSG00000133019.12,2.5811,0.9411,0.9287,488,240,248
7653fe28-b91f-4fa5-9c34-8b8c3030faeb,True,ENSG00000133019.12,1.4859,0.4147,0.3942,321,157,165
a2fc40c6-a139-4669-b062-09b11b342088,True,ENSG00000133019.12,2.8056,0.8868,0.889,558,271,291
47b78d42-09f6-4191-a62f-8671c69f29a7,True,ENSG00000133019.12,0.5334,0.1599,0.1474,67,27,43
1ab15a98-a3ed-497c-9252-a6589dec4260,True,ENSG00000133019.12,1.0561,0.3393,0.3529,211,114,97
a4e993e8-cfc0-431e-8f7b-4d58b364061e,True,ENSG00000133019.12,0.0143,0.0076,0.0069,5,0,5
5de95bee-c987-47a2-a375-5cc5458f22fd,True,ENSG00000133019.12,2.9438,0.7702,0.7059,481,234,247
1dba29d2-d9fc-41e2-8bbb-74e5573775b0,True,ENSG00000133019.12,5.8334,2.041,2.1055,538,270,269
b8ef3888-aa28-4590-a2d8-d16943b247b5,True,ENSG00000133019.12,6.1806,1.6944,1.8015,956,464,494
f152c7d0-14ce-403b-b3e3-163bf3e08507,True,ENSG00000133019.12,2.0959,0.6628,0.6714,431,202,229
e8890508-2f98-460e-91f6-b03e3e213823,True,ENSG00000133019.12,1.126,0.3505,0.3317,240,126,119
03fc636b-9e3d-42ea-88cf-8081539a9859,True,ENSG00000133019.12,0.7409,0.2032,0.2167,154,89,65
1d8df3eb-b059-47f7-b3fa-f4eb3f568423,True,ENSG00000133019.12,0.0973,0.0291,0.0284,15,10,6
a8391733-18a4-4720-9912-d060ef58d745,True,ENSG00000133019.12,3.9338,1.2245,1.1775,639,333,307
ed3bcbbc-0f04-415f-a083-e34cefa9e310,True,ENSG00000133019.12,0.1449,0.0449,0.0423,19,13,7
57b8b640-efcf-426f-bc01-82c4c58ff02c,True,ENSG00000133019.12,1.9086,0.5556,0.5447,398,190,211
d00354a6-0cdd-42c0-8d0c-1f87f4fdc843,True,ENSG00000133019.12,0.1167,0.0361,0.038,20,10,12
13624e34-f4d6-43d0-8fea-36dc5b731f2a,True,ENSG00000133019.12,0.3376,0.1028,0.1025,53,34,21
a88ed7cf-0ddf-4040-b542-3510dff18c7d,True,ENSG00000133019.12,7.8445,2.9721,2.704,2496,2,2528
57824d48-ad20-4ed1-a5d4-e458e9a75b46,True,ENSG00000133019.12,3.4586,1.1812,1.2056,731,355,377
ec9db2fa-3020-45a0-8400-1fa607fdbf05,True,ENSG00000133019.12,1.4101,0.4482,0.4571,246,112,135
822091c7-86c2-4315-b6bb-d022149296d5,True,ENSG00000133019.12,4.5835,1.3455,1.3263,1108,528,580
6f4576f3-571b-4e51-85d1-78ffeb174303,True,ENSG00000133019.12,1.5034,0.6573,0.706,492,279,219
1c98c99d-80ae-4fcc-9197-d1a2b7d8ac96,True,ENSG00000133019.12,7.3594,2.3534,2.0977,1837,1,1865
cefe943b-5892-4254-a884-bb5414b0194c,True,ENSG00000133019.12,0.1072,0.0431,0.0404,31,0,31
e1638627-67cc-44f9-9a79-6748968a06af,True,ENSG00000133019.12,0.2891,0.0877,0.0934,38,23,15
2d10fd52-8ff4-4f78-a674-6388d34f3e12,True,ENSG00000133019.12,0.6234,0.2801,0.2807,235,0,235
2c4ef6db-ff34-4258-a531-32345845832c,True,ENSG00000133019.12,1.3995,0.8645,0.775,646,1,650
4006124f-a213-4d56-843f-0764b5f4a89b,True,ENSG00000133019.12,12.2864,9.1294,8.9475,5438,1,5456
e8c55bee-e33c-4d7c-b100-65e3413bea12,True,ENSG00000133019.12,4.7536,1.3822,1.2759,895,447,450
1b1f27c1-950f-49a9-95b9-5104d433ad3e,True,ENSG00000133019.12,4.5048,1.4678,1.4613,435,219,216
f7c8bdd7-48f6-4ecd-a4ae-78ffcb2fb28d,True,ENSG00000133019.12,0.0158,0.0047,0.0047,2,0,2
cd10bd5e-b75b-4d47-a103-9c259dcf1a19,True,ENSG00000133019.12,5.9447,2.8746,2.6857,1029,4,1035
87ce045c-22b9-4f8d-909d-ae1878e07e70,True,ENSG00000133019.12,1.2935,1.3884,1.3871,634,0,634
4167d62e-8d12-4cba-9198-157975a8ea25,True,ENSG00000133019.12,1.133,0.4636,0.536,130,73,57
c741f3fd-133d-470c-8021-cd3432c61ad0,True,ENSG00000133019.12,0.1484,0.0559,0.0556,37,4,37
cc481383-4ebf-410c-8dd7-ef0b117bd035,True,ENSG00000133019.12,0.5741,0.1718,0.1601,129,62,67
1cd41b2d-6f24-4478-851a-5e20e456173d,True,ENSG00000133019.12,0.0072,0.0038,0.0056,3,1,2
9790bcec-796f-4ca9-ab62-b40b69d3a222,True,ENSG00000133019.12,1.1123,0.3564,0.377,274,133,144
82aa9226-61c4-4cd7-9138-5199e7c85e6a,True,ENSG00000133019.12,1.6479,0.593,0.5865,169,79,90
72f34773-218d-41e0-93dc-7aae1ed50cee,True,ENSG00000133019.12,1.4247,0.4791,0.4233,351,6,347
21b76e1c-1129-4c97-8c87-a7fc5d251e5f,True,ENSG00000133019.12,2.5977,1.031,1.0772,994,513,483
c140ee8e-c45f-47fb-b214-c3c8cdde972e,True,ENSG00000133019.12,0.3777,0.0976,0.1043,66,31,35
38cc1ced-6874-4aed-ab73-8c6344564cd6,True,ENSG00000133019.12,0.1675,0.0503,0.05,25,13,12
4b2e6f07-59e6-47c0-85ea-1e73f3354a01,True,ENSG00000133019.12,0.021,0.0075,0.007,4,3,3
cb6a3198-2662-4150-bee9-51b692968209,True,ENSG00000133019.12,0.0193,0.0097,0.012,4,1,3
228b425f-ddc8-46e4-b246-41f4389b7a97,True,ENSG00000133019.12,1.9928,0.6744,0.6421,424,199,229
99574ba2-7ddc-4626-9480-d23745b14273,True,ENSG00000133019.12,4.2104,1.5158,1.6743,408,209,199
bfecde55-3ed3-4977-899b-d7c22b6df15b,True,ENSG00000133019.12,0.3779,0.147,0.1497,78,42,38
895ca581-915e-4057-b66a-dc2d5213d7e4,True,ENSG00000133019.12,0.0355,0.0125,0.0124,6,4,7
2279f129-d06d-43f7-9f16-6e8d3a4feb56,True,ENSG00000133019.12,0.0061,0.0025,0.0032,2,0,2
89cbbe72-9061-41dc-ab10-d05112727eb5,True,ENSG00000133019.12,0.5876,0.2435,0.2854,139,78,63
9fa569e3-0c99-4fbb-b01a-e5e8e8115954,True,ENSG00000133019.12,0.0108,0.0036,0.004,2,0,2
d3e953a0-3907-4c8d-bcf7-27767ef1e2d5,True,ENSG00000133019.12,1.9716,0.7589,0.8707,414,200,217
bb68c3db-3157-4e95-af5f-f7a7a38e40e1,True,ENSG00000133019.12,2.5852,0.7762,0.7529,453,234,221
04778fc1-a821-4029-a383-d88e711f3bee,True,ENSG00000133019.12,5.912,1.942,2.0994,1456,746,712
097c2575-7a0d-4d3e-ad4e-00926dcfe44a,True,ENSG00000133019.12,0.1895,0.0587,0.0603,58,29,31
f22b9830-6c68-4680-91d8-ed37f042ca4e,True,ENSG00000133019.12,3.3787,1.1829,1.2373,792,427,369
3ca2ec6c-4134-4595-9c5e-68c886d3aa1c,True,ENSG00000133019.12,0.4292,0.1553,0.1632,85,40,46
74fdc082-daf5-4254-99a4-56974d59e457,True,ENSG00000133019.12,0.6705,0.2867,0.3411,52,31,21
0da1dde2-3a7d-43a1-81a4-0c9b12efcfa9,True,ENSG00000133019.12,19.8846,7.9007,7.633,6616,2,6668
831c4d7d-ade6-4bc7-b03a-011a16b42f47,True,ENSG00000133019.12,1.5641,0.4962,0.4959,365,181,187
bef5f052-9d4c-47a8-82be-3a1bfb991448,True,ENSG00000133019.12,0.7368,0.3169,0.3115,75,39,37
028cf419-71ca-4bcd-9f45-3c1c394f1f17,True,ENSG00000133019.12,3.2474,0.9793,0.9371,779,383,399
0a41ee42-3997-4fde-8928-c005b34bc0d9,True,ENSG00000133019.12,1.5169,0.5321,0.5514,477,283,240
bae501f3-c0ba-4646-8027-0623869176f4,True,ENSG00000133019.12,0.0466,0.0159,0.0159,8,6,5
16b32013-0291-458e-b637-f73ccbaee84f,True,ENSG00000133019.12,0.4647,0.1275,0.1283,84,41,43
ffc0e668-4fc8-4278-abcd-67f7b57839c9,True,ENSG00000133019.12,4.8213,1.2489,1.1644,666,354,318
20ccfe17-ec2c-433f-a87c-07018a3a7522,True,ENSG00000133019.12,0.9418,0.2769,0.263,169,75,95
11fb2ab9-4116-4cea-95f9-0c0ca111cc2f,True,ENSG00000133019.12,5.0916,1.7309,1.675,384,158,227
b33612a7-64eb-4a55-8460-6a562c880c55,True,ENSG00000133019.12,7.262,3.0565,3.3607,2288,1179,1114
fc84a25f-3de3-4ae1-b918-e62a1a685428,True,ENSG00000133019.12,2.204,0.7809,0.8657,806,437,373
fc757476-1d31-470b-b648-79608b201bdc,True,ENSG00000133019.12,0.1815,0.0686,0.0654,28,18,14
4350b4e7-6a37-43d8-8eaa-b5f4846e943d,True,ENSG00000133019.12,0.9324,0.3578,0.3784,320,23,299
d863d32c-ed50-4644-9ee1-7464bd79e1e0,True,ENSG00000133019.12,0.0212,0.0083,0.0075,5,1,4
edab0ea1-ba72-441c-b35d-081dbfb58661,True,ENSG00000133019.12,0.4859,0.1347,0.1308,91,39,52
a8f23a47-08cd-4ebd-835b-4ca4b86fe6ff,True,ENSG00000133019.12,4.6794,1.6716,1.6906,924,434,491
58508378-0fc5-45f9-bf10-1cb171c3e662,True,ENSG00000133019.12,0.4424,0.1236,0.1059,118,65,54
e17426a8-cf69-4ed4-b54e-cc33cbadf095,True,ENSG00000133019.12,0.0393,0.0132,0.0162,6,4,2
e8da0b02-8b75-4a85-b91a-6f8d1582a95c,True,ENSG00000133019.12,0.2137,0.1004,0.1007,60,0,60
69ccf4e3-15a5-4e1d-91af-402100e85349,True,ENSG00000133019.12,1.0039,0.3359,0.3413,291,157,138
b7ee9c20-cf93-4c93-be18-623a05620ebb,True,ENSG00000133019.12,0.3444,0.1581,0.1967,95,47,49
77819b24-ea90-427b-8a99-c9a90417c903,True,ENSG00000133019.12,0.1418,0.0501,0.0517,58,28,34
60d81796-e5cb-4166-ad2e-32ce787268f2,True,ENSG00000133019.12,0.5369,0.5369,0.5425,260,1,261
93c4cd53-899b-421f-9bf4-360f8010aab4,True,ENSG00000133019.12,0.1133,0.0348,0.0335,21,13,8
6a94fd13-1867-4fc2-aa6d-c0ad48ac4390,True,ENSG00000133019.12,0.8507,0.2749,0.2827,60,27,33
b14bcc5f-6c85-465b-9d01-04acd13d77bd,True,ENSG00000133019.12,0.1598,0.0456,0.044,31,18,13
be636d1c-edb1-427b-8c42-cbb8cc819f34,True,ENSG00000133019.12,0.6444,0.2376,0.2537,49,25,24
74bac7fb-444d-480c-8a92-8dc427206c2c,True,ENSG00000133019.12,14.1926,4.0495,3.9297,2259,1115,1146
f9fd3da8-5a2d-4f4d-a91c-4ab3f8666a97,True,ENSG00000133019.12,1.544,0.4796,0.5064,279,124,156
db61f20e-e44a-4992-a9f6-b54fc2dedfb6,True,ENSG00000133019.12,0.0331,0.0126,0.0157,5,2,3
5416b72f-7e75-4fab-a0e0-5396b5bf6cbe,True,ENSG00000133019.12,5.1849,1.4874,1.5132,1035,535,507
f4e3ab79-7ff4-4d67-9b94-527c41f6c98c,True,ENSG00000133019.12,0.5194,0.2542,0.331,157,77,82
63c812a4-c084-4689-876a-a34db611aeef,True,ENSG00000133019.12,0.7966,0.2799,0.3162,209,100,111
2bac85df-4900-41cd-a2ae-e33db7abd9d1,True,ENSG00000133019.12,0.4363,0.1929,0.1625,114,1,113
97541ffe-94e7-4130-9bac-65528de8d6f5,True,ENSG00000133019.12,2.6505,0.8694,0.8904,870,447,429
1a4c524e-8e75-436e-8ccf-cce6ae3d6eb3,True,ENSG00000133019.12,0.8253,0.2347,0.2546,244,116,128
39dc32b6-8c47-4ae9-8c03-8be648d5cbc9,True,ENSG00000133019.12,1.2065,0.8428,0.7563,478,6,475
6bec00ac-81d0-4f29-bb4d-99102992914c,True,ENSG00000133019.12,0.4005,0.1179,0.117,78,39,39
088a7d23-5acc-4db8-8ccb-ca8221b765ac,True,ENSG00000133019.12,3.3397,0.9958,0.9084,839,1,844
f71f1d9c-23e1-445f-80d1-455fae13ca09,True,ENSG00000133019.12,2.341,0.8238,0.8504,233,113,121
960daf2a-8884-43bd-ab4f-06dadf4f8f61,True,ENSG00000133019.12,1.283,0.439,0.4294,328,158,175
254bed99-398d-4c34-a804-67516d257e70,True,ENSG00000133019.12,0.0724,0.0211,0.0215,8,4,5
b8cb5dc2-3a97-4023-bbd8-1bcafbbc6dad,True,ENSG00000133019.12,5.9495,1.9279,1.9027,1170,577,594
79cbd304-58ee-450b-ba8b-7f0a41e5d298,True,ENSG00000133019.12,1.516,0.4079,0.4142,423,223,201
a4c14abb-5b10-41df-9da5-39f1ee194b7c,True,ENSG00000133019.12,0.0966,0.0255,0.024,27,13,16
9f0a9ce9-6258-4a82-84c1-dc017a7eb760,True,ENSG00000133019.12,0.6105,0.1684,0.1702,159,75,86
d6af00a8-d733-4788-aaf4-8522479eba2d,True,ENSG00000133019.12,1.0157,0.365,0.3769,58,24,34
4cedcaf0-2806-4f70-98bd-a3a9053e79a4,True,ENSG00000133019.12,0.5166,0.1889,0.1914,103,52,54
efec9ce7-6478-4af4-9d66-5b554e715bcb,True,ENSG00000133019.12,1.3462,0.437,0.4242,250,107,143
0194feb1-d8be-45e5-9b95-0596090e9ecc,True,ENSG00000133019.12,8.6966,3.2547,3.1546,697,307,391
b4ae8845-cb08-41d4-8a34-9ab77bebe819,True,ENSG00000133019.12,0.0935,0.0287,0.0304,22,13,9
cae1f29a-9b4e-4dcb-a3c1-b4b662a32907,True,ENSG00000133019.12,0.1415,0.0497,0.052,33,21,13
78129339-7b80-4dd6-bd93-2df9eed2bfce,True,ENSG00000133019.12,2.454,0.7731,0.8407,467,222,248
5cd79afa-f5de-4f1a-aa52-d9c7a63c67c8,True,ENSG00000133019.12,0.1404,0.0509,0.0559,47,22,25
ff721df7-5306-47c6-a5ee-e771678decbd,True,ENSG00000133019.12,0.0733,0.0285,0.0328,11,5,6
